Variables;result
;31478,3084141414
x_plant1_pipe1_d1;78,06
y_plant1_pipe1_d1;1
x_plant1_pipe1_d3;0
y_plant1_pipe1_d3;0
x_plant1_pipe1_d4;0
y_plant1_pipe1_d4;0
x_plant1_pipe2_d1;0
y_plant1_pipe2_d1;1
x_plant1_pipe2_d3;0
y_plant1_pipe2_d3;0
x_plant1_pipe2_d4;0
y_plant1_pipe2_d4;0
x_plant1_pipe3_d1;0
y_plant1_pipe3_d1;1
x_plant1_pipe3_d3;0
y_plant1_pipe3_d3;0
x_plant1_pipe3_d4;0
y_plant1_pipe3_d4;0
x_plant1_pipe4_d1;0
y_plant1_pipe4_d1;1
x_plant1_pipe4_d3;0
y_plant1_pipe4_d3;0
x_plant1_pipe4_d4;0
y_plant1_pipe4_d4;0
x_plant1_pipe5_d1;0
y_plant1_pipe5_d1;1
x_plant1_pipe5_d3;0
y_plant1_pipe5_d3;0
x_plant1_pipe5_d4;0
y_plant1_pipe5_d4;0
x_plant1_pipe6_d1;259,586090314914
y_plant1_pipe6_d1;0,735371360665479
x_plant1_pipe6_d3;0
y_plant1_pipe6_d3;0
x_plant1_pipe6_d4;538,783909685086
y_plant1_pipe6_d4;0,264628639334522
x_plant1_pipe7_d1;0
y_plant1_pipe7_d1;1
x_plant1_pipe7_d3;0
y_plant1_pipe7_d3;0
x_plant1_pipe7_d4;0
y_plant1_pipe7_d4;0
x_plant1_pipe8_d1;349,48468211527
y_plant1_pipe8_d1;0,990041592394534
x_plant1_pipe8_d3;0
y_plant1_pipe8_d3;0
x_plant1_pipe8_d4;20,2753178847296
y_plant1_pipe8_d4;0,00995840760546641
x_plant1_pipe9_d1;0
y_plant1_pipe9_d1;1
x_plant1_pipe9_d3;0
y_plant1_pipe9_d3;0
x_plant1_pipe9_d4;0
y_plant1_pipe9_d4;0
x_plant1_pipe10_d1;0
y_plant1_pipe10_d1;1
x_plant1_pipe10_d3;0
y_plant1_pipe10_d3;0
x_plant1_pipe10_d4;0
y_plant1_pipe10_d4;0
x_pipe1_transbord_client1_d1;78,0600000000001
y_pipe1_transbord_client1_d1;1
x_pipe1_transbord_client1_d3;0
y_pipe1_transbord_client1_d3;0
x_pipe1_transbord_client1_d4;0
y_pipe1_transbord_client1_d4;0
x_pipe1_transbord_client2_d1;0
y_pipe1_transbord_client2_d1;1
x_pipe1_transbord_client2_d3;0
y_pipe1_transbord_client2_d3;0
x_pipe1_transbord_client2_d4;0
y_pipe1_transbord_client2_d4;0
x_pipe1_transbord_client3_d1;0
y_pipe1_transbord_client3_d1;1
x_pipe1_transbord_client3_d3;0
y_pipe1_transbord_client3_d3;0
x_pipe1_transbord_client3_d4;0
y_pipe1_transbord_client3_d4;0
x_pipe1_transbord_client4_d1;0
y_pipe1_transbord_client4_d1;1
x_pipe1_transbord_client4_d3;0
y_pipe1_transbord_client4_d3;0
x_pipe1_transbord_client4_d4;0
y_pipe1_transbord_client4_d4;0
x_pipe1_transbord_client5_d1;0
y_pipe1_transbord_client5_d1;1
x_pipe1_transbord_client5_d3;0
y_pipe1_transbord_client5_d3;0
x_pipe1_transbord_client5_d4;0
y_pipe1_transbord_client5_d4;0
x_pipe2_transbord_client1_d1;0
y_pipe2_transbord_client1_d1;1
x_pipe2_transbord_client1_d3;0
y_pipe2_transbord_client1_d3;0
x_pipe2_transbord_client1_d4;0
y_pipe2_transbord_client1_d4;0
x_pipe2_transbord_client2_d1;0
y_pipe2_transbord_client2_d1;1
x_pipe2_transbord_client2_d3;0
y_pipe2_transbord_client2_d3;0
x_pipe2_transbord_client2_d4;0
y_pipe2_transbord_client2_d4;0
x_pipe2_transbord_client3_d1;0
y_pipe2_transbord_client3_d1;1
x_pipe2_transbord_client3_d3;0
y_pipe2_transbord_client3_d3;0
x_pipe2_transbord_client3_d4;0
y_pipe2_transbord_client3_d4;0
x_pipe2_transbord_client4_d1;0
y_pipe2_transbord_client4_d1;1
x_pipe2_transbord_client4_d3;0
y_pipe2_transbord_client4_d3;0
x_pipe2_transbord_client4_d4;0
y_pipe2_transbord_client4_d4;0
x_pipe2_transbord_client5_d1;0
y_pipe2_transbord_client5_d1;1
x_pipe2_transbord_client5_d3;0
y_pipe2_transbord_client5_d3;0
x_pipe2_transbord_client5_d4;0
y_pipe2_transbord_client5_d4;0
x_pipe3_transbord_client1_d1;0
y_pipe3_transbord_client1_d1;1
x_pipe3_transbord_client1_d3;0
y_pipe3_transbord_client1_d3;0
x_pipe3_transbord_client1_d4;0
y_pipe3_transbord_client1_d4;0
x_pipe3_transbord_client2_d1;0
y_pipe3_transbord_client2_d1;1
x_pipe3_transbord_client2_d3;0
y_pipe3_transbord_client2_d3;0
x_pipe3_transbord_client2_d4;0
y_pipe3_transbord_client2_d4;0
x_pipe3_transbord_client3_d1;0
y_pipe3_transbord_client3_d1;1
x_pipe3_transbord_client3_d3;0
y_pipe3_transbord_client3_d3;0
x_pipe3_transbord_client3_d4;0
y_pipe3_transbord_client3_d4;0
x_pipe3_transbord_client4_d1;0
y_pipe3_transbord_client4_d1;1
x_pipe3_transbord_client4_d3;0
y_pipe3_transbord_client4_d3;0
x_pipe3_transbord_client4_d4;0
y_pipe3_transbord_client4_d4;0
x_pipe3_transbord_client5_d1;0
y_pipe3_transbord_client5_d1;1
x_pipe3_transbord_client5_d3;0
y_pipe3_transbord_client5_d3;0
x_pipe3_transbord_client5_d4;0
y_pipe3_transbord_client5_d4;0
x_pipe4_transbord_client1_d1;0
y_pipe4_transbord_client1_d1;1
x_pipe4_transbord_client1_d3;0
y_pipe4_transbord_client1_d3;0
x_pipe4_transbord_client1_d4;0
y_pipe4_transbord_client1_d4;0
x_pipe4_transbord_client2_d1;0
y_pipe4_transbord_client2_d1;1
x_pipe4_transbord_client2_d3;0
y_pipe4_transbord_client2_d3;0
x_pipe4_transbord_client2_d4;0
y_pipe4_transbord_client2_d4;0
x_pipe4_transbord_client3_d1;0
y_pipe4_transbord_client3_d1;1
x_pipe4_transbord_client3_d3;0
y_pipe4_transbord_client3_d3;0
x_pipe4_transbord_client3_d4;0
y_pipe4_transbord_client3_d4;0
x_pipe4_transbord_client4_d1;0
y_pipe4_transbord_client4_d1;1
x_pipe4_transbord_client4_d3;0
y_pipe4_transbord_client4_d3;0
x_pipe4_transbord_client4_d4;0
y_pipe4_transbord_client4_d4;0
x_pipe4_transbord_client5_d1;0
y_pipe4_transbord_client5_d1;1
x_pipe4_transbord_client5_d3;0
y_pipe4_transbord_client5_d3;0
x_pipe4_transbord_client5_d4;0
y_pipe4_transbord_client5_d4;0
x_pipe5_transbord_client1_d1;0
y_pipe5_transbord_client1_d1;1
x_pipe5_transbord_client1_d3;0
y_pipe5_transbord_client1_d3;0
x_pipe5_transbord_client1_d4;0
y_pipe5_transbord_client1_d4;0
x_pipe5_transbord_client2_d1;0
y_pipe5_transbord_client2_d1;1
x_pipe5_transbord_client2_d3;0
y_pipe5_transbord_client2_d3;0
x_pipe5_transbord_client2_d4;0
y_pipe5_transbord_client2_d4;0
x_pipe5_transbord_client3_d1;0
y_pipe5_transbord_client3_d1;1
x_pipe5_transbord_client3_d3;0
y_pipe5_transbord_client3_d3;0
x_pipe5_transbord_client3_d4;0
y_pipe5_transbord_client3_d4;0
x_pipe5_transbord_client4_d1;0
y_pipe5_transbord_client4_d1;1
x_pipe5_transbord_client4_d3;0
y_pipe5_transbord_client4_d3;0
x_pipe5_transbord_client4_d4;0
y_pipe5_transbord_client4_d4;0
x_pipe5_transbord_client5_d1;0
y_pipe5_transbord_client5_d1;1
x_pipe5_transbord_client5_d3;0
y_pipe5_transbord_client5_d3;0
x_pipe5_transbord_client5_d4;0
y_pipe5_transbord_client5_d4;0
x_pipe6_transbord_client1_d1;0
y_pipe6_transbord_client1_d1;1
x_pipe6_transbord_client1_d3;0
y_pipe6_transbord_client1_d3;0
x_pipe6_transbord_client1_d4;0
y_pipe6_transbord_client1_d4;0
x_pipe6_transbord_client2_d1;271,85
y_pipe6_transbord_client2_d1;1
x_pipe6_transbord_client2_d3;0
y_pipe6_transbord_client2_d3;0
x_pipe6_transbord_client2_d4;0
y_pipe6_transbord_client2_d4;0
x_pipe6_transbord_client3_d1;0
y_pipe6_transbord_client3_d1;1
x_pipe6_transbord_client3_d3;0
y_pipe6_transbord_client3_d3;0
x_pipe6_transbord_client3_d4;0
y_pipe6_transbord_client3_d4;0
x_pipe6_transbord_client4_d1;316,60513368984
y_pipe6_transbord_client4_d1;0,896898395721925
x_pipe6_transbord_client4_d3;0
y_pipe6_transbord_client4_d3;0
x_pipe6_transbord_client4_d4;209,91486631016
y_pipe6_transbord_client4_d4;0,103101604278075
x_pipe6_transbord_client5_d1;0
y_pipe6_transbord_client5_d1;1
x_pipe6_transbord_client5_d3;0
y_pipe6_transbord_client5_d3;0
x_pipe6_transbord_client5_d4;0
y_pipe6_transbord_client5_d4;0
x_pipe7_transbord_client1_d1;0
y_pipe7_transbord_client1_d1;1
x_pipe7_transbord_client1_d3;0
y_pipe7_transbord_client1_d3;0
x_pipe7_transbord_client1_d4;0
y_pipe7_transbord_client1_d4;0
x_pipe7_transbord_client2_d1;0
y_pipe7_transbord_client2_d1;1
x_pipe7_transbord_client2_d3;0
y_pipe7_transbord_client2_d3;0
x_pipe7_transbord_client2_d4;0
y_pipe7_transbord_client2_d4;0
x_pipe7_transbord_client3_d1;0
y_pipe7_transbord_client3_d1;1
x_pipe7_transbord_client3_d3;0
y_pipe7_transbord_client3_d3;0
x_pipe7_transbord_client3_d4;0
y_pipe7_transbord_client3_d4;0
x_pipe7_transbord_client4_d1;0
y_pipe7_transbord_client4_d1;1
x_pipe7_transbord_client4_d3;0
y_pipe7_transbord_client4_d3;0
x_pipe7_transbord_client4_d4;0
y_pipe7_transbord_client4_d4;0
x_pipe7_transbord_client5_d1;0
y_pipe7_transbord_client5_d1;1
x_pipe7_transbord_client5_d3;0
y_pipe7_transbord_client5_d3;0
x_pipe7_transbord_client5_d4;0
y_pipe7_transbord_client5_d4;0
x_pipe8_transbord_client1_d1;0
y_pipe8_transbord_client1_d1;1
x_pipe8_transbord_client1_d3;0
y_pipe8_transbord_client1_d3;0
x_pipe8_transbord_client1_d4;0
y_pipe8_transbord_client1_d4;0
x_pipe8_transbord_client2_d1;0
y_pipe8_transbord_client2_d1;1
x_pipe8_transbord_client2_d3;0
y_pipe8_transbord_client2_d3;0
x_pipe8_transbord_client2_d4;0
y_pipe8_transbord_client2_d4;0
x_pipe8_transbord_client3_d1;149,67
y_pipe8_transbord_client3_d1;1
x_pipe8_transbord_client3_d3;0
y_pipe8_transbord_client3_d3;0
x_pipe8_transbord_client3_d4;0
y_pipe8_transbord_client3_d4;0
x_pipe8_transbord_client4_d1;0
y_pipe8_transbord_client4_d1;1
x_pipe8_transbord_client4_d3;0
y_pipe8_transbord_client4_d3;0
x_pipe8_transbord_client4_d4;0
y_pipe8_transbord_client4_d4;0
x_pipe8_transbord_client5_d1;220,09
y_pipe8_transbord_client5_d1;1
x_pipe8_transbord_client5_d3;0
y_pipe8_transbord_client5_d3;0
x_pipe8_transbord_client5_d4;0
y_pipe8_transbord_client5_d4;0
x_pipe9_transbord_client1_d1;0
y_pipe9_transbord_client1_d1;1
x_pipe9_transbord_client1_d3;0
y_pipe9_transbord_client1_d3;0
x_pipe9_transbord_client1_d4;0
y_pipe9_transbord_client1_d4;0
x_pipe9_transbord_client2_d1;0
y_pipe9_transbord_client2_d1;1
x_pipe9_transbord_client2_d3;0
y_pipe9_transbord_client2_d3;0
x_pipe9_transbord_client2_d4;0
y_pipe9_transbord_client2_d4;0
x_pipe9_transbord_client3_d1;0
y_pipe9_transbord_client3_d1;1
x_pipe9_transbord_client3_d3;0
y_pipe9_transbord_client3_d3;0
x_pipe9_transbord_client3_d4;0
y_pipe9_transbord_client3_d4;0
x_pipe9_transbord_client4_d1;0
y_pipe9_transbord_client4_d1;1
x_pipe9_transbord_client4_d3;0
y_pipe9_transbord_client4_d3;0
x_pipe9_transbord_client4_d4;0
y_pipe9_transbord_client4_d4;0
x_pipe9_transbord_client5_d1;0
y_pipe9_transbord_client5_d1;1
x_pipe9_transbord_client5_d3;0
y_pipe9_transbord_client5_d3;0
x_pipe9_transbord_client5_d4;0
y_pipe9_transbord_client5_d4;0
x_pipe10_transbord_client1_d1;0
y_pipe10_transbord_client1_d1;1
x_pipe10_transbord_client1_d3;0
y_pipe10_transbord_client1_d3;0
x_pipe10_transbord_client1_d4;0
y_pipe10_transbord_client1_d4;0
x_pipe10_transbord_client2_d1;0
y_pipe10_transbord_client2_d1;1
x_pipe10_transbord_client2_d3;0
y_pipe10_transbord_client2_d3;0
x_pipe10_transbord_client2_d4;0
y_pipe10_transbord_client2_d4;0
x_pipe10_transbord_client3_d1;0
y_pipe10_transbord_client3_d1;1
x_pipe10_transbord_client3_d3;0
y_pipe10_transbord_client3_d3;0
x_pipe10_transbord_client3_d4;0
y_pipe10_transbord_client3_d4;0
x_pipe10_transbord_client4_d1;0
y_pipe10_transbord_client4_d1;1
x_pipe10_transbord_client4_d3;0
y_pipe10_transbord_client4_d3;0
x_pipe10_transbord_client4_d4;0
y_pipe10_transbord_client4_d4;0
x_pipe10_transbord_client5_d1;0
y_pipe10_transbord_client5_d1;1
x_pipe10_transbord_client5_d3;0
y_pipe10_transbord_client5_d3;0
x_pipe10_transbord_client5_d4;0
y_pipe10_transbord_client5_d4;0
x_transbord_client1_final_client1_d1;0
y_transbord_client1_final_client1_d1;1
x_transbord_client1_final_client1_d3;0
y_transbord_client1_final_client1_d3;0
x_transbord_client1_final_client1_d4;0
y_transbord_client1_final_client1_d4;0
x_transbord_client1_final_client2_d1;0
y_transbord_client1_final_client2_d1;1
x_transbord_client1_final_client2_d3;0
y_transbord_client1_final_client2_d3;0
x_transbord_client1_final_client2_d4;0
y_transbord_client1_final_client2_d4;0
x_transbord_client1_final_client3_d1;78,06
y_transbord_client1_final_client3_d1;1
x_transbord_client1_final_client3_d3;0
y_transbord_client1_final_client3_d3;0
x_transbord_client1_final_client3_d4;0
y_transbord_client1_final_client3_d4;0
x_transbord_client1_final_client4_d1;0
y_transbord_client1_final_client4_d1;1
x_transbord_client1_final_client4_d3;0
y_transbord_client1_final_client4_d3;0
x_transbord_client1_final_client4_d4;0
y_transbord_client1_final_client4_d4;0
x_transbord_client1_final_client5_d1;0
y_transbord_client1_final_client5_d1;1
x_transbord_client1_final_client5_d3;0
y_transbord_client1_final_client5_d3;0
x_transbord_client1_final_client5_d4;0
y_transbord_client1_final_client5_d4;0
x_transbord_client1_final_client6_d1;0
y_transbord_client1_final_client6_d1;1
x_transbord_client1_final_client6_d3;0
y_transbord_client1_final_client6_d3;0
x_transbord_client1_final_client6_d4;0
y_transbord_client1_final_client6_d4;0
x_transbord_client1_final_client7_d1;0
y_transbord_client1_final_client7_d1;1
x_transbord_client1_final_client7_d3;0
y_transbord_client1_final_client7_d3;0
x_transbord_client1_final_client7_d4;0
y_transbord_client1_final_client7_d4;0
x_transbord_client1_final_client8_d1;0
y_transbord_client1_final_client8_d1;1
x_transbord_client1_final_client8_d3;0
y_transbord_client1_final_client8_d3;0
x_transbord_client1_final_client8_d4;0
y_transbord_client1_final_client8_d4;0
x_transbord_client1_final_client9_d1;0
y_transbord_client1_final_client9_d1;1
x_transbord_client1_final_client9_d3;0
y_transbord_client1_final_client9_d3;0
x_transbord_client1_final_client9_d4;0
y_transbord_client1_final_client9_d4;0
x_transbord_client1_final_client10_d1;0
y_transbord_client1_final_client10_d1;1
x_transbord_client1_final_client10_d3;0
y_transbord_client1_final_client10_d3;0
x_transbord_client1_final_client10_d4;0
y_transbord_client1_final_client10_d4;0
x_transbord_client1_final_client11_d1;0
y_transbord_client1_final_client11_d1;1
x_transbord_client1_final_client11_d3;0
y_transbord_client1_final_client11_d3;0
x_transbord_client1_final_client11_d4;0
y_transbord_client1_final_client11_d4;0
x_transbord_client1_final_client12_d1;0
y_transbord_client1_final_client12_d1;1
x_transbord_client1_final_client12_d3;0
y_transbord_client1_final_client12_d3;0
x_transbord_client1_final_client12_d4;0
y_transbord_client1_final_client12_d4;0
x_transbord_client1_final_client13_d1;0
y_transbord_client1_final_client13_d1;1
x_transbord_client1_final_client13_d3;0
y_transbord_client1_final_client13_d3;0
x_transbord_client1_final_client13_d4;0
y_transbord_client1_final_client13_d4;0
x_transbord_client1_final_client14_d1;0
y_transbord_client1_final_client14_d1;1
x_transbord_client1_final_client14_d3;0
y_transbord_client1_final_client14_d3;0
x_transbord_client1_final_client14_d4;0
y_transbord_client1_final_client14_d4;0
x_transbord_client1_final_client15_d1;0
y_transbord_client1_final_client15_d1;1
x_transbord_client1_final_client15_d3;0
y_transbord_client1_final_client15_d3;0
x_transbord_client1_final_client15_d4;0
y_transbord_client1_final_client15_d4;0
x_transbord_client1_final_client16_d1;0
y_transbord_client1_final_client16_d1;1
x_transbord_client1_final_client16_d3;0
y_transbord_client1_final_client16_d3;0
x_transbord_client1_final_client16_d4;0
y_transbord_client1_final_client16_d4;0
x_transbord_client1_final_client17_d1;0
y_transbord_client1_final_client17_d1;1
x_transbord_client1_final_client17_d3;0
y_transbord_client1_final_client17_d3;0
x_transbord_client1_final_client17_d4;0
y_transbord_client1_final_client17_d4;0
x_transbord_client2_final_client1_d1;79,57
y_transbord_client2_final_client1_d1;1
x_transbord_client2_final_client1_d3;0
y_transbord_client2_final_client1_d3;0
x_transbord_client2_final_client1_d4;0
y_transbord_client2_final_client1_d4;0
x_transbord_client2_final_client2_d1;0
y_transbord_client2_final_client2_d1;1
x_transbord_client2_final_client2_d3;0
y_transbord_client2_final_client2_d3;0
x_transbord_client2_final_client2_d4;0
y_transbord_client2_final_client2_d4;0
x_transbord_client2_final_client3_d1;0
y_transbord_client2_final_client3_d1;1
x_transbord_client2_final_client3_d3;0
y_transbord_client2_final_client3_d3;0
x_transbord_client2_final_client3_d4;0
y_transbord_client2_final_client3_d4;0
x_transbord_client2_final_client4_d1;0
y_transbord_client2_final_client4_d1;1
x_transbord_client2_final_client4_d3;0
y_transbord_client2_final_client4_d3;0
x_transbord_client2_final_client4_d4;0
y_transbord_client2_final_client4_d4;0
x_transbord_client2_final_client5_d1;67,08
y_transbord_client2_final_client5_d1;1
x_transbord_client2_final_client5_d3;0
y_transbord_client2_final_client5_d3;0
x_transbord_client2_final_client5_d4;0
y_transbord_client2_final_client5_d4;0
x_transbord_client2_final_client6_d1;0
y_transbord_client2_final_client6_d1;1
x_transbord_client2_final_client6_d3;0
y_transbord_client2_final_client6_d3;0
x_transbord_client2_final_client6_d4;0
y_transbord_client2_final_client6_d4;0
x_transbord_client2_final_client7_d1;0
y_transbord_client2_final_client7_d1;1
x_transbord_client2_final_client7_d3;0
y_transbord_client2_final_client7_d3;0
x_transbord_client2_final_client7_d4;0
y_transbord_client2_final_client7_d4;0
x_transbord_client2_final_client8_d1;0
y_transbord_client2_final_client8_d1;1
x_transbord_client2_final_client8_d3;0
y_transbord_client2_final_client8_d3;0
x_transbord_client2_final_client8_d4;0
y_transbord_client2_final_client8_d4;0
x_transbord_client2_final_client9_d1;0
y_transbord_client2_final_client9_d1;1
x_transbord_client2_final_client9_d3;0
y_transbord_client2_final_client9_d3;0
x_transbord_client2_final_client9_d4;0
y_transbord_client2_final_client9_d4;0
x_transbord_client2_final_client10_d1;44,4599999999999
y_transbord_client2_final_client10_d1;1
x_transbord_client2_final_client10_d3;0
y_transbord_client2_final_client10_d3;0
x_transbord_client2_final_client10_d4;0
y_transbord_client2_final_client10_d4;0
x_transbord_client2_final_client11_d1;0
y_transbord_client2_final_client11_d1;1
x_transbord_client2_final_client11_d3;0
y_transbord_client2_final_client11_d3;0
x_transbord_client2_final_client11_d4;0
y_transbord_client2_final_client11_d4;0
x_transbord_client2_final_client12_d1;0
y_transbord_client2_final_client12_d1;1
x_transbord_client2_final_client12_d3;0
y_transbord_client2_final_client12_d3;0
x_transbord_client2_final_client12_d4;0
y_transbord_client2_final_client12_d4;0
x_transbord_client2_final_client13_d1;80,74
y_transbord_client2_final_client13_d1;1
x_transbord_client2_final_client13_d3;0
y_transbord_client2_final_client13_d3;0
x_transbord_client2_final_client13_d4;0
y_transbord_client2_final_client13_d4;0
x_transbord_client2_final_client14_d1;0
y_transbord_client2_final_client14_d1;1
x_transbord_client2_final_client14_d3;0
y_transbord_client2_final_client14_d3;0
x_transbord_client2_final_client14_d4;0
y_transbord_client2_final_client14_d4;0
x_transbord_client2_final_client15_d1;0
y_transbord_client2_final_client15_d1;1
x_transbord_client2_final_client15_d3;0
y_transbord_client2_final_client15_d3;0
x_transbord_client2_final_client15_d4;0
y_transbord_client2_final_client15_d4;0
x_transbord_client2_final_client16_d1;0
y_transbord_client2_final_client16_d1;1
x_transbord_client2_final_client16_d3;0
y_transbord_client2_final_client16_d3;0
x_transbord_client2_final_client16_d4;0
y_transbord_client2_final_client16_d4;0
x_transbord_client2_final_client17_d1;0
y_transbord_client2_final_client17_d1;1
x_transbord_client2_final_client17_d3;0
y_transbord_client2_final_client17_d3;0
x_transbord_client2_final_client17_d4;0
y_transbord_client2_final_client17_d4;0
x_transbord_client3_final_client1_d1;0
y_transbord_client3_final_client1_d1;1
x_transbord_client3_final_client1_d3;0
y_transbord_client3_final_client1_d3;0
x_transbord_client3_final_client1_d4;0
y_transbord_client3_final_client1_d4;0
x_transbord_client3_final_client2_d1;0
y_transbord_client3_final_client2_d1;1
x_transbord_client3_final_client2_d3;0
y_transbord_client3_final_client2_d3;0
x_transbord_client3_final_client2_d4;0
y_transbord_client3_final_client2_d4;0
x_transbord_client3_final_client3_d1;0
y_transbord_client3_final_client3_d1;1
x_transbord_client3_final_client3_d3;0
y_transbord_client3_final_client3_d3;0
x_transbord_client3_final_client3_d4;0
y_transbord_client3_final_client3_d4;0
x_transbord_client3_final_client4_d1;0
y_transbord_client3_final_client4_d1;1
x_transbord_client3_final_client4_d3;0
y_transbord_client3_final_client4_d3;0
x_transbord_client3_final_client4_d4;0
y_transbord_client3_final_client4_d4;0
x_transbord_client3_final_client5_d1;0
y_transbord_client3_final_client5_d1;1
x_transbord_client3_final_client5_d3;0
y_transbord_client3_final_client5_d3;0
x_transbord_client3_final_client5_d4;0
y_transbord_client3_final_client5_d4;0
x_transbord_client3_final_client6_d1;93,3
y_transbord_client3_final_client6_d1;1
x_transbord_client3_final_client6_d3;0
y_transbord_client3_final_client6_d3;0
x_transbord_client3_final_client6_d4;0
y_transbord_client3_final_client6_d4;0
x_transbord_client3_final_client7_d1;0
y_transbord_client3_final_client7_d1;1
x_transbord_client3_final_client7_d3;0
y_transbord_client3_final_client7_d3;0
x_transbord_client3_final_client7_d4;0
y_transbord_client3_final_client7_d4;0
x_transbord_client3_final_client8_d1;0
y_transbord_client3_final_client8_d1;1
x_transbord_client3_final_client8_d3;0
y_transbord_client3_final_client8_d3;0
x_transbord_client3_final_client8_d4;0
y_transbord_client3_final_client8_d4;0
x_transbord_client3_final_client9_d1;56,37
y_transbord_client3_final_client9_d1;1
x_transbord_client3_final_client9_d3;0
y_transbord_client3_final_client9_d3;0
x_transbord_client3_final_client9_d4;0
y_transbord_client3_final_client9_d4;0
x_transbord_client3_final_client10_d1;0
y_transbord_client3_final_client10_d1;1
x_transbord_client3_final_client10_d3;0
y_transbord_client3_final_client10_d3;0
x_transbord_client3_final_client10_d4;0
y_transbord_client3_final_client10_d4;0
x_transbord_client3_final_client11_d1;0
y_transbord_client3_final_client11_d1;1
x_transbord_client3_final_client11_d3;0
y_transbord_client3_final_client11_d3;0
x_transbord_client3_final_client11_d4;0
y_transbord_client3_final_client11_d4;0
x_transbord_client3_final_client12_d1;0
y_transbord_client3_final_client12_d1;1
x_transbord_client3_final_client12_d3;0
y_transbord_client3_final_client12_d3;0
x_transbord_client3_final_client12_d4;0
y_transbord_client3_final_client12_d4;0
x_transbord_client3_final_client13_d1;0
y_transbord_client3_final_client13_d1;1
x_transbord_client3_final_client13_d3;0
y_transbord_client3_final_client13_d3;0
x_transbord_client3_final_client13_d4;0
y_transbord_client3_final_client13_d4;0
x_transbord_client3_final_client14_d1;0
y_transbord_client3_final_client14_d1;1
x_transbord_client3_final_client14_d3;0
y_transbord_client3_final_client14_d3;0
x_transbord_client3_final_client14_d4;0
y_transbord_client3_final_client14_d4;0
x_transbord_client3_final_client15_d1;0
y_transbord_client3_final_client15_d1;1
x_transbord_client3_final_client15_d3;0
y_transbord_client3_final_client15_d3;0
x_transbord_client3_final_client15_d4;0
y_transbord_client3_final_client15_d4;0
x_transbord_client3_final_client16_d1;0
y_transbord_client3_final_client16_d1;1
x_transbord_client3_final_client16_d3;0
y_transbord_client3_final_client16_d3;0
x_transbord_client3_final_client16_d4;0
y_transbord_client3_final_client16_d4;0
x_transbord_client3_final_client17_d1;0
y_transbord_client3_final_client17_d1;1
x_transbord_client3_final_client17_d3;0
y_transbord_client3_final_client17_d3;0
x_transbord_client3_final_client17_d4;0
y_transbord_client3_final_client17_d4;0
x_transbord_client4_final_client1_d1;0
y_transbord_client4_final_client1_d1;1
x_transbord_client4_final_client1_d3;0
y_transbord_client4_final_client1_d3;0
x_transbord_client4_final_client1_d4;0
y_transbord_client4_final_client1_d4;0
x_transbord_client4_final_client2_d1;75,17
y_transbord_client4_final_client2_d1;1
x_transbord_client4_final_client2_d3;0
y_transbord_client4_final_client2_d3;0
x_transbord_client4_final_client2_d4;0
y_transbord_client4_final_client2_d4;0
x_transbord_client4_final_client3_d1;0
y_transbord_client4_final_client3_d1;1
x_transbord_client4_final_client3_d3;0
y_transbord_client4_final_client3_d3;0
x_transbord_client4_final_client3_d4;0
y_transbord_client4_final_client3_d4;0
x_transbord_client4_final_client4_d1;61,29
y_transbord_client4_final_client4_d1;1
x_transbord_client4_final_client4_d3;0
y_transbord_client4_final_client4_d3;0
x_transbord_client4_final_client4_d4;0
y_transbord_client4_final_client4_d4;0
x_transbord_client4_final_client5_d1;0
y_transbord_client4_final_client5_d1;1
x_transbord_client4_final_client5_d3;0
y_transbord_client4_final_client5_d3;0
x_transbord_client4_final_client5_d4;0
y_transbord_client4_final_client5_d4;0
x_transbord_client4_final_client6_d1;0
y_transbord_client4_final_client6_d1;1
x_transbord_client4_final_client6_d3;0
y_transbord_client4_final_client6_d3;0
x_transbord_client4_final_client6_d4;0
y_transbord_client4_final_client6_d4;0
x_transbord_client4_final_client7_d1;0
y_transbord_client4_final_client7_d1;1
x_transbord_client4_final_client7_d3;0
y_transbord_client4_final_client7_d3;0
x_transbord_client4_final_client7_d4;0
y_transbord_client4_final_client7_d4;0
x_transbord_client4_final_client8_d1;55,88
y_transbord_client4_final_client8_d1;1
x_transbord_client4_final_client8_d3;0
y_transbord_client4_final_client8_d3;0
x_transbord_client4_final_client8_d4;0
y_transbord_client4_final_client8_d4;0
x_transbord_client4_final_client9_d1;0
y_transbord_client4_final_client9_d1;1
x_transbord_client4_final_client9_d3;0
y_transbord_client4_final_client9_d3;0
x_transbord_client4_final_client9_d4;0
y_transbord_client4_final_client9_d4;0
x_transbord_client4_final_client10_d1;0
y_transbord_client4_final_client10_d1;1
x_transbord_client4_final_client10_d3;0
y_transbord_client4_final_client10_d3;0
x_transbord_client4_final_client10_d4;0
y_transbord_client4_final_client10_d4;0
x_transbord_client4_final_client11_d1;83,89
y_transbord_client4_final_client11_d1;1
x_transbord_client4_final_client11_d3;0
y_transbord_client4_final_client11_d3;0
x_transbord_client4_final_client11_d4;0
y_transbord_client4_final_client11_d4;0
x_transbord_client4_final_client12_d1;0
y_transbord_client4_final_client12_d1;1
x_transbord_client4_final_client12_d3;0
y_transbord_client4_final_client12_d3;0
x_transbord_client4_final_client12_d4;0
y_transbord_client4_final_client12_d4;0
x_transbord_client4_final_client13_d1;0
y_transbord_client4_final_client13_d1;1
x_transbord_client4_final_client13_d3;0
y_transbord_client4_final_client13_d3;0
x_transbord_client4_final_client13_d4;0
y_transbord_client4_final_client13_d4;0
x_transbord_client4_final_client14_d1;97,12
y_transbord_client4_final_client14_d1;1
x_transbord_client4_final_client14_d3;0
y_transbord_client4_final_client14_d3;0
x_transbord_client4_final_client14_d4;0
y_transbord_client4_final_client14_d4;0
x_transbord_client4_final_client15_d1;90,81
y_transbord_client4_final_client15_d1;1
x_transbord_client4_final_client15_d3;0
y_transbord_client4_final_client15_d3;0
x_transbord_client4_final_client15_d4;0
y_transbord_client4_final_client15_d4;0
x_transbord_client4_final_client16_d1;62,36
y_transbord_client4_final_client16_d1;1
x_transbord_client4_final_client16_d3;0
y_transbord_client4_final_client16_d3;0
x_transbord_client4_final_client16_d4;0
y_transbord_client4_final_client16_d4;0
x_transbord_client4_final_client17_d1;0
y_transbord_client4_final_client17_d1;1
x_transbord_client4_final_client17_d3;0
y_transbord_client4_final_client17_d3;0
x_transbord_client4_final_client17_d4;0
y_transbord_client4_final_client17_d4;0
x_transbord_client5_final_client1_d1;0
y_transbord_client5_final_client1_d1;1
x_transbord_client5_final_client1_d3;0
y_transbord_client5_final_client1_d3;0
x_transbord_client5_final_client1_d4;0
y_transbord_client5_final_client1_d4;0
x_transbord_client5_final_client2_d1;0
y_transbord_client5_final_client2_d1;1
x_transbord_client5_final_client2_d3;0
y_transbord_client5_final_client2_d3;0
x_transbord_client5_final_client2_d4;0
y_transbord_client5_final_client2_d4;0
x_transbord_client5_final_client3_d1;0
y_transbord_client5_final_client3_d1;1
x_transbord_client5_final_client3_d3;0
y_transbord_client5_final_client3_d3;0
x_transbord_client5_final_client3_d4;0
y_transbord_client5_final_client3_d4;0
x_transbord_client5_final_client4_d1;0
y_transbord_client5_final_client4_d1;1
x_transbord_client5_final_client4_d3;0
y_transbord_client5_final_client4_d3;0
x_transbord_client5_final_client4_d4;0
y_transbord_client5_final_client4_d4;0
x_transbord_client5_final_client5_d1;0
y_transbord_client5_final_client5_d1;1
x_transbord_client5_final_client5_d3;0
y_transbord_client5_final_client5_d3;0
x_transbord_client5_final_client5_d4;0
y_transbord_client5_final_client5_d4;0
x_transbord_client5_final_client6_d1;0
y_transbord_client5_final_client6_d1;1
x_transbord_client5_final_client6_d3;0
y_transbord_client5_final_client6_d3;0
x_transbord_client5_final_client6_d4;0
y_transbord_client5_final_client6_d4;0
x_transbord_client5_final_client7_d1;89,08
y_transbord_client5_final_client7_d1;1
x_transbord_client5_final_client7_d3;0
y_transbord_client5_final_client7_d3;0
x_transbord_client5_final_client7_d4;0
y_transbord_client5_final_client7_d4;0
x_transbord_client5_final_client8_d1;0
y_transbord_client5_final_client8_d1;1
x_transbord_client5_final_client8_d3;0
y_transbord_client5_final_client8_d3;0
x_transbord_client5_final_client8_d4;0
y_transbord_client5_final_client8_d4;0
x_transbord_client5_final_client9_d1;0
y_transbord_client5_final_client9_d1;1
x_transbord_client5_final_client9_d3;0
y_transbord_client5_final_client9_d3;0
x_transbord_client5_final_client9_d4;0
y_transbord_client5_final_client9_d4;0
x_transbord_client5_final_client10_d1;0
y_transbord_client5_final_client10_d1;1
x_transbord_client5_final_client10_d3;0
y_transbord_client5_final_client10_d3;0
x_transbord_client5_final_client10_d4;0
y_transbord_client5_final_client10_d4;0
x_transbord_client5_final_client11_d1;0
y_transbord_client5_final_client11_d1;1
x_transbord_client5_final_client11_d3;0
y_transbord_client5_final_client11_d3;0
x_transbord_client5_final_client11_d4;0
y_transbord_client5_final_client11_d4;0
x_transbord_client5_final_client12_d1;42,46
y_transbord_client5_final_client12_d1;1
x_transbord_client5_final_client12_d3;0
y_transbord_client5_final_client12_d3;0
x_transbord_client5_final_client12_d4;0
y_transbord_client5_final_client12_d4;0
x_transbord_client5_final_client13_d1;0
y_transbord_client5_final_client13_d1;1
x_transbord_client5_final_client13_d3;0
y_transbord_client5_final_client13_d3;0
x_transbord_client5_final_client13_d4;0
y_transbord_client5_final_client13_d4;0
x_transbord_client5_final_client14_d1;0
y_transbord_client5_final_client14_d1;1
x_transbord_client5_final_client14_d3;0
y_transbord_client5_final_client14_d3;0
x_transbord_client5_final_client14_d4;0
y_transbord_client5_final_client14_d4;0
x_transbord_client5_final_client15_d1;0
y_transbord_client5_final_client15_d1;1
x_transbord_client5_final_client15_d3;0
y_transbord_client5_final_client15_d3;0
x_transbord_client5_final_client15_d4;0
y_transbord_client5_final_client15_d4;0
x_transbord_client5_final_client16_d1;0
y_transbord_client5_final_client16_d1;1
x_transbord_client5_final_client16_d3;0
y_transbord_client5_final_client16_d3;0
x_transbord_client5_final_client16_d4;0
y_transbord_client5_final_client16_d4;0
x_transbord_client5_final_client17_d1;88,55
y_transbord_client5_final_client17_d1;1
x_transbord_client5_final_client17_d3;0
y_transbord_client5_final_client17_d3;0
x_transbord_client5_final_client17_d4;0
y_transbord_client5_final_client17_d4;0
 